{
  "lookback": 24,
  "num_features": 5,
  "feature_stats": {
    "log_open": [
      3.895538202663989,
      0.6852626245645376
    ],
    "log_high": [
      3.8990311031798184,
      0.6854543201471602
    ],
    "log_low": [
      3.891986173775791,
      0.6850283489546332
    ],
    "log_close": [
      3.895498406540252,
      0.6852785422488724
    ],
    "log_volume": [
      9.893750189286067,
      2.965167868208197
    ]
  },
  "target_stats": {
    "log_close": [
      3.895498406540252,
      0.6852785422488724
    ]
  },
  "training_date": "2026-03-31",
  "interval": "1h"
}