{
  "lookback": 24,
  "num_features": 5,
  "num_symbols": 96,
  "symbol_embedding_dim": 8,
  "ret_mean": 2.662444299511714e-05,
  "ret_std": 0.031133096195382404,
  "feature_stats": {
    "log_open": [
      2.7402472775380318,
      1.6154396508897106
    ],
    "log_high": [
      2.7479262456213904,
      1.609858098474111
    ],
    "log_low": [
      2.7325771896237763,
      1.6223205320475758
    ],
    "log_close": [
      2.739962601918954,
      1.6158745350374077
    ],
    "log_volume": [
      9.420291043104557,
      2.8428602463099155
    ]
  },
  "symbol_id_map": {
    "A": 0,
    "AA": 1,
    "AAA": 2,
    "AAAA": 3,
    "AAAU": 4,
    "AACB": 5,
    "AACBR": 6,
    "AACBU": 7,
    "AACG": 8,
    "AACIU": 9,
    "AACOU": 10,
    "AADR": 11,
    "AAEQ": 12,
    "AAL": 13,
    "AALG": 14,
    "AAM": 15,
    "AAM.U": 16,
    "AAM.WS": 17,
    "AAME": 18,
    "AAMI": 19,
    "AAOI": 20,
    "AAON": 21,
    "AAP": 22,
    "AAPB": 23,
    "AAPD": 24,
    "AAPG": 25,
    "AAPL": 26,
    "AAPR": 27,
    "AAPU": 28,
    "AAPW": 29,
    "AAPX": 30,
    "AAPY": 31,
    "AARD": 32,
    "AAT": 33,
    "AAUC": 34,
    "AAUM": 35,
    "AAUS": 36,
    "AAVM": 37,
    "AAXJ": 38,
    "AB": 39,
    "ABAT": 40,
    "ABBV": 41,
    "ABCB": 42,
    "ABCL": 43,
    "ABCS": 44,
    "ABEO": 45,
    "ABEQ": 46,
    "ABEV": 47,
    "ABFL": 48,
    "ABG": 49,
    "ABI": 50,
    "ABIG": 51,
    "ABLD": 52,
    "ABLG": 53,
    "ABLS": 54,
    "ABLV": 55,
    "ABLVW": 56,
    "ABM": 57,
    "ABNB": 58,
    "ABNG": 59,
    "ABNY": 60,
    "ABOS": 61,
    "ABOT": 62,
    "ABP": 63,
    "ABPWW": 64,
    "ABR": 65,
    "ABSI": 66,
    "ABT": 67,
    "ABTC": 68,
    "ABTS": 69,
    "ABUS": 70,
    "ABVC": 71,
    "ABVE": 72,
    "ABVEW": 73,
    "ABVX": 74,
    "ABX": 75,
    "ABXB": 76,
    "ABXL": 77,
    "ACA": 78,
    "ACAAU": 79,
    "ACAD": 80,
    "ACB": 81,
    "ACCL": 82,
    "ACCO": 83,
    "ACCS": 84,
    "ACDC": 85,
    "ACEI": 86,
    "ACEL": 87,
    "ACEP": 88,
    "ACES": 89,
    "ACET": 90,
    "ACFN": 91,
    "ACGL": 92,
    "ACGLN": 93,
    "ACGLO": 94,
    "ACGR": 95
  },
  "training_date": "20260325_141441",
  "interval": "1h",
  "epochs": 20,
  "batch_size": 32
}